ID,Colore,Categoria,Domanda,A,B,C,Corretta,Battuta
#V041,verde,CIBI FURBI & CIBI TRAPPOLA,Quale alga la NASA voleva portarsi nello spazio?,"Klamath, ma si scoglie più di un gelato al sole",Spirulina\! Proteine e ferro spaziali\!,"Nori, quella dei sushi roll da discount",B,"BUCHETTO ASTRO: ""Gli astronauti volevano la spirulina, non il sushi\! Il tuo culetto nello spazio ringrazia, senza microonde ma con tanta fibra verde\!"
#V042,verde,CIBI FURBI & CIBI TRAPPOLA,La maca peruviana è chiamata anche…?,Patata sacra delle Ande,Radice del Sole,Ginseng delle Ande\!,C,"BUCHETTO INCA: ""Gli Inca la usavano per fare l’amore e la guerra\! Il tuo culetto oggi la usa per gli esami e le notti brave\!"
#V043,verde,CIBI FURBI & CIBI TRAPPOLA,Chi è il fungo 'barboncino del cervello'?,"Shiitake, il Giapponese della zuppa","Reishi, il guru della longevità",Lion’s Mane\!,C,"BUCHETTO HAIR: ""Sembra un barboncino ma ti fa pensare come Einstein\! Altro che caffè, il tuo cervello ringrazia\!"
#V044,verde,CIBI FURBI & CIBI TRAPPOLA,Perché lo zenzero è considerato uno 'scaldante naturale'?,Perché ti infiamma come una peperonata,Stimola la circolazione\!,Ha dentro caffeina segreta,B,"BUCHETTO FUOCO: ""Con lo zenzero ti scaldi senza termosifoni\! Il culetto fa sauna gratis\!"
#V045,verde,CIBI FURBI & CIBI TRAPPOLA,Qual è l’alga verde detox piena di clorofilla?,"Wakame, quella delle insalate","Lattuga di mare, fashion ma inutile",Chlorella\!,C,"BUCHETTO VERDE: ""È come un mojito per il fegato, senza alcol\! Il culetto detox balla felice\!"
#V046,verde,CIBI FURBI & CIBI TRAPPOLA,Quale radice è famosa per aumentare energia e concentrazione?,"Rapa rossa, da centrifuga","Liquirizia, quella delle nonne",Ginseng\!,C,"BUCHETTO POWER: ""È la Red Bull delle radici\! Ma senza taurina, solo botta naturale al cervello e al culetto\!"
#V047,verde,CIBI FURBI & CIBI TRAPPOLA,Quale pianta della Siberia è la regina dell’anti-stress?,"Aloe vera, la spa in vaso","Eleuterococco, il cugino timido",Rhodiola\!,C,"BUCHETTO SIBERIANO: ""Resiste al gelo e ti fa resistere al capo ufficio\! Il tuo culetto diventa zen pure in inverno\!"
#V048,verde,CIBI FURBI & CIBI TRAPPOLA,Quale pianta è la Viagra naturale dei villaggi antichi?,"Cardo mariano, quello del fegato","Damiana, la romantica",Tribulus\!,C,"BUCHETTO HOT: ""Più testosterone di un toro\! Il culetto arde di passione, altro che candele profumate\!"
#V049,verde,CIBI FURBI & CIBI TRAPPOLA,Quale alimento crudo ti mette di buonumore con la teobromina?,"Carruba, la sorella povera","Caffè verde, che sa di erba",Cacao crudo\!,C,"BUCHETTO CHOCO: ""Il vero cioccolato della felicità\! Non serve latte, basta amore per il culetto\!"
#V050,verde,ERBE SPONTANEE,Quale erba è il 'cerotto vegetale' dei prati?,"Ortica, che ti punge","Malva, che calma ma non chiude",Piantaggine\!,C,"BUCHETTO PRONTO SOCCORSO: ""La metti su una ferita e zac\! Guarisce più veloce\! Altro che cerotti di plastica\!"
#V051,verde,ERBE SPONTANEE,Chi cresce nei boschi e sa di aglio ma non è tossico?,"Mughetto, velenoso da paura","Cipollotto selvatico, cugino minore",Aglio orsino\!,C,"BUCHETTO WILD: ""I ristoranti stellati lo usano per piatti da urlo\! Il tuo culetto dice: chef kiss\!"
#V052,verde,ERBE SPONTANEE,Quale pianta amara è storica per il detox del fegato?,"Cardo mariano, il guardiano del fegato","Cicoria selvatica, parente amara",Tarassaco\!,C,"BUCHETTO DETOX: ""Cresce tra le crepe dell’asfalto e ti pulisce meglio di un idraulico\! Respect\!"
#V053,verde,ERBE SPONTANEE,Quale erba è fresca in bocca ma tosta per la digestione?,"Origano, ammazza batteri","Finocchietto, amico dei neonati",Menta\!,C,"BUCHETTO BREEZE: ""Un Mojito senza rum ma con effetto digestivo\! Il culetto ringrazia fresco fresco\!"
#V054,verde,ERBE SPONTANEE,Quale erba mediterranea è davvero antinfiammatoria?,"Coriandolo, più spezia che cura","Prezzemolo, più diuretico che calmante",Basilico\!,C,"BUCHETTO ITALIANO: ""Il basilico è più che pesto: calma l’infiammazione e fa cantare il culetto\!"
#V055,verde,FRUTTA,Perché l’albicocca è tipo il botox naturale?,Perché contiene collagene vegetale,Ha più calcio del latte,È piena di vitamina A e antiossidanti\!,C,"BUCHETTO BEAUTY: ""L’albicocca è la crema viso che puoi mangiare\! Il tuo culetto ringiovanisce da dentro\!"
#V056,verde,FRUTTA,Perché la banana è lo snack ufficiale dei gorilla?,È ricca di potassio che regola i muscoli,Ha caffeina nascosta,È la frutta con più proteine,A,"BUCHETTO JUNGLE: ""Gorilla \= 200 kg di muscoli con le banane\! Tu puoi almeno sollevare la busta della spesa senza collassare\!"
#V057,verde,FRUTTA,Il fico è davvero fico perché…?,È pieno di vitamina B12,Contiene omega-6 in abbondanza,Abbassa colesterolo e glicemia,C,"BUCHETTO NONNO: ""Il fico è il farmaco dolce della nonna\! Dolce fuori, killer del colesterolo dentro\!"
#V058,verde,FRUTTA,L’ananas è il vero re della digestione perché…?,Ha caffeina naturale,È ricco di vitamina B12,"Contiene bromelina, enzima spacca-proteine\!",C,"BUCHETTO TROPICALE: ""Con l’ananas digerisci pure il suocero a cena\! Il culetto si fa vacanza alle Hawaii\!"
#V059,verde,FRUTTA,Perché il mirtillo è il supereroe blu della frutta?,Ha più ferro della carne,Contiene vitamina B12,È ricco di antociani antiossidanti,C,"BUCHETTO MARVEL: ""Il mirtillo è il Captain America dei frutti\! Blu fuori, superpotere anti-aging dentro\!"
#V060,verde,ORTAGGI & VERDURE,Cosa succede se non mangi il broccolo spacciatore zen?,Ti pulisce meno l’intestino,Ti aumenta il colesterolo buono,Ti perdi vitamina D,A,"BUCHETTO NAMASTÉ: ""Broccolo \= detox zen\! Se lo salti, il tuo culetto medita ma non scarica\!"
#V061,verde,ORTAGGI & VERDURE,Perché il broccolo ti riconnette con la natura?,Contiene collagene verde,Produce serotonina vegetale,Ha sulforafano che disintossica,C,"BUCHETTO ZEN: ""Sulforafano è come incenso per il fegato\! Il tuo culetto si purifica come in un tempio tibetano\!"
#V062,verde,ORTAGGI & VERDURE,Il pomodoro italiano DOC in realtà…?,È nato in Sicilia,Viene dal Medio Oriente,Arriva dal Sud America\!,C,"BUCHETTO PLOT TWIST: ""Altro che spaghetti al pomodoro medievali\! Senza Colombo eri a pane e cipolle\!"
#V063,verde,ORTAGGI & VERDURE,Perché la carota è chiamata 'energetica'?,Contiene betacarotene che diventa vitamina A,Ha più potassio della banana,È la verdura con più proteine,A,"BUCHETTO OCCHIOLINO: ""Carota \= night vision\! Con lei vedi al buio, pure quando cerchi il bagno\!"
#V064,verde,ORTAGGI & VERDURE,Qual è il superpotere del Cetriolo?,Contiene serotonina naturale,È ricco di ferro come gli spinaci,Idratazione e freschezza,C,"BUCHETTO STREET: ""il Cetriolo entra e dice: stay fresh\! Altro che Red Bull, questo ti idrata come un boss\!"
#V065,verde,ORTAGGI & VERDURE,Gli spinaci diventano una bomba di ferro solo se…?,Li mangi crudi a stomaco vuoto,Li cucini in microonde,Li abbini alla vitamina C\!,C,"BUCHETTO POPEYE: ""Spinaci \+ limone \= Popeye mode\! Il culetto diventa Hulk senza uccidere nessuno\!"
#V066,verde,ORTAGGI & VERDURE,Il pomodoro fa bene al cuore grazie a…?,"Licopene, super antiossidante",Collagene vegetale,Vitamina D3,A,"BUCHETTO CUPIDO: ""Licopene è tipo Cupido: ti protegge il cuore\! Il culetto applaude\!"
#V067,verde,ORTAGGI & VERDURE,Perché dovresti mangiare il cavolfiore?,È ricco di fibre che aiutano la digestione,Ha più zuccheri del melone,Contiene caffeina naturale,A,"BUCHETTO CLOUD: ""Soffice e bianco, vola nel piatto e ti regala cacca leggera come una nuvola\!"
#V068,verde,ORTAGGI & VERDURE,Melanz-Anna è la baddie dell’orto perché…?,Ha vitamina B12,È l’ortaggio con più ferro,È piena di antociani viola,C,"BUCHETTO QUEEN: ""Melanz-Anna ha più stile di una trapper\! Il viola che ti salva le cellule e il culetto applaude\!"
#V074,verde,ORTAGGI & VERDURE,Perché l’aglio è chiamato antibiotico naturale?,Perché contiene allicina con proprietà antibatteriche,Perché ha più vitamina C dell’arancia,Perché è cugino segreto della cipolla,A,"BUCHETTO VAMPIRO: ""Altro che pillole\! Con l’aglio scacci i batteri… e pure Dracula\!"
#V075,verde,ORTAGGI & VERDURE,Il peperone ha più vitamina C di…?,Banana,Arancia,Mela,B,"BUCHETTO SPICY: ""Arancia chi? Il peperone ti fa più scudo immunitario di mille spremute\!"
#V076,verde,ORTAGGI & VERDURE,Perché il cavolo nero è il superfood nascosto dell’orto?,È ricco di calcio e vitamina K,Contiene caffeina naturale,Ha più zuccheri del melone,A,"BUCHETTO TOSCANO: ""Lo chiamano kale in America e lo pagano oro\! In Italia ce l’hai sotto casa e fa il culetto d’acciaio\!"
#V077,verde,ORTAGGI & VERDURE,Perché la pera è l’amica invisibile dell’intestino?,Ha tante fibre solubili,È piena di vitamina D,Contiene enzimi che aiutano la digestione,A,"BUCHETTO GHOST: ""La pera non fa rumore ma ti regala la cacca perfetta. Fantasma amico del culetto\!"
#V078,verde,ORTAGGI & VERDURE,Perché la prugna secca è la nonna delle feci felici?,È ricca di sorbitolo che stimola l’intestino,Contiene collagene,Ha vitamina K che previene la diarrea,A,"BUCHETTO NONNINA: ""La prugna secca è come la nonna: dolce, un po’ rugosa, ma ti sistema il culetto\!"
#V079,verde,ORTAGGI & VERDURE,Perché il mandarino calma i nervi?,Contiene oli essenziali rilassanti,Ha caffeina nascosta,È la frutta con più proteine,A,"BUCHETTO ZEN: ""Altro che camomilla\! Con il mandarino ti rilassi e il culetto sorride sereno."
#V080,verde,ORTAGGI & VERDURE,Perché l’acqua di cocco è la Gatorade dei tropici?,È ricca di elettroliti come potassio e magnesio,Contiene caffeina tropicale,Ha collagene vegetale,A,"BUCHETTO SURF: ""Il cocco è la borraccia naturale dei tropici\! Idrata il culetto meglio di mille bibite gasate\!"
#V081,verde,ORTAGGI & VERDURE,Perché i fiori blu di borragine finiscono fritti nei piatti gourmet?,Perché sono ricchi di omega-6 e antiossidanti,Perché contengono caffeina naturale,Perché hanno collagene vegetale,A,"BUCHETTO CHEF: ""La borragine è la regina dei prati fritti\! Bella da vedere, buona da mangiare e il culetto applaude\!"
#V082,verde,ORTAGGI & VERDURE,Come fa la portulaca ad avere più omega-3 del salmone?,È una pianta grassa che accumula acidi grassi,Perché è un’alga camuffata,Perché contiene caffeina naturale,A,"BUCHETTO OMEGA: ""Il salmone piange e la portulaca ride\! Omega-3 vegetale e il culetto diventa scivoloso come un pesce\!"
#V083,verde,ORTAGGI & VERDURE,Perché il coriandolo divide il mondo tra chi lo ama e chi lo odia?,Perché contiene aldeidi che ricordano il sapone,Perché è troppo piccante,Perché ha caffeina,A,"BUCHETTO LOVE\&HATE: ""O amore o sapone per piatti\! Il culetto però ringrazia sempre, qualunque team tu sia."
#V084,verde,ORTAGGI & VERDURE,Perché la minestra con l‘alloro è più buona?,Perché le sue foglie contengono oli aromatici intensi,Perché è un super food aromatico,Perché è pieno di zuccheri,A,"BUCHETTO NONNA: ""La foglia di alloro è la nonna che urla dalla cucina: senza di me, la minestra è acqua sporca\!"
#V069,verde,ORTAGGI & VERDURE,Chi tra gli antagonisti imbraccia una chitarra zuccherina?,Nutella Chitarrista,French Burger,Patatina Killer,A,"BUCHETTO ROCK: ""Nutella ti seduce col riff dolce\! Il culetto resiste, ma a fatica\!"
#B001,blu,IL PIANETA NEL PIATTO,Terra Felice: “Quanta acqua serve per fare un hamburger?,"50 litri, come una doccia veloce","200 litri, come un acquario medio","2.500 litri, come 30 vasche da bagno",C,"BUCHETTO: “Quando mangi un hamburger, pensa che potevi farti il bagno per un mese\!"
#B002,blu,IL PIANETA NEL PIATTO,Buchetto: “Il tuo arrosto inquina più della tua Panda?,"No, la Panda è più inquinante","Sì, una bistecca produce più CO₂ di 20 km in auto",Inquina uguale,B,BUCHETTO: “Il roast beef è la vera marmitta catalitica del pianeta\!
#B003,blu,IL PIANETA NEL PIATTO,Re Fagiolino: “I legumi sono la proteina più green?,"No, il pollo lo è di più","Sì, perché usano poca acqua e poca terra",Solo se sono bio,B,BUCHETTO: “Le tue scorregge fanno rumore… ma non bucano l’ozono\!
#B004,blu,IL PIANETA NEL PIATTO,Fragola Spacciatore: “Quanto pesticida finisce nel pianeta?,1 goccia ogni tanto,1 miliardo di litri l’anno,"Nessuno, sono solo leggende",B,BUCHETTO: “Le fragole si fanno belle col trucco tossico\! E il pianeta tossisce insieme a loro.
#B005,blu,IL PIANETA NEL PIATTO,Ananas King: “Il turismo del cibo tropicale è sostenibile?,"Sì, è sempre green","No, perché viaggia per migliaia di km",Dipende dal supermercato,B,BUCHETTO: “Ogni ananas è una vacanza… ma al pianeta costa un volo intercontinentale\!
#B006,blu,IL PIANETA NEL PIATTO,Son Gino: “Vale la pena comprare insalata che viaggia 2000 km?,"Sì, ha più vitamine","No, perde nutrienti ed energia","Sì, se è in busta trasparente",B,BUCHETTO: “Son Gino viaggia più di te… ma torna stanco e senza vitamine\!
#B007,blu,IL PIANETA NEL PIATTO,Melanz-Anna: “Posso essere diva e sostenibile insieme?,"Sì, soprattutto se di stagione",Solo se fritta,"No, perché sono troppo glam",A,BUCHETTO: “Melanz-Anna non ha bisogno di jet privati: basta l’orto di casa\!
#B008,blu,IL PIANETA NEL PIATTO,Bro il Broccolo: “Quanti alberi salvi se mangi me al posto della carne?,1 albero l’anno,10 alberi l’anno,Fino a 30 alberi l’anno,C,"BUCHETTO: “Bro salva più foreste di Greenpeace, un piatto alla volta\!"
#B009,blu,IL PIANETA NEL PIATTO,Terra Felice: “Le alghe possono salvare gli oceani?,"Sì, assorbono CO₂ e purificano","No, sono solo moda",Solo se diventano sushi,A,BUCHETTO: “L’alga è la spugna green: pulisce il mare e pure il tuo culetto\!
#B010,blu,IL PIANETA NEL PIATTO,Pizza Congelata Zombie: “Il junk food pesa più sulla bilancia o sul pianeta?,Sulla bilancia,Sul pianeta,Tutti e due uguale,B,BUCHETTO: “La pizza zombie resuscita nel microonde… e uccide il pianeta\!
#B011,blu,IL PIANETA NEL PIATTO,Patatina Killer: “La croccantezza può distruggere il clima?,"Sì, perché l’olio di palma devasta le foreste","No, è solo sale e olio",Solo se mangi un pacco al giorno,A,BUCHETTO: “Ogni patatina croccante è un albero che cade in Amazzonia.
#B012,blu,IL PIANETA NEL PIATTO,Hot Dog Cowboy: “Quanto CO₂ c’è in una salsiccia?,"0, è tutta proteina","3 kg di CO₂, come un viaggio in taxi",Dipende dal panino,B,BUCHETTO: “Il cowboy fa rodeo col pianeta: ogni hot dog è un lazo di CO₂\!
#B013,blu,IL PIANETA NEL PIATTO,Bibita Frizzona: “Le bollicine fanno più male al pianeta o a te?,A te,Al pianeta (zucchero \+ plastica),Nessuno dei due,B,"BUCHETTO: “Le bolle salgono, ma il pianeta scende di livello\!"
#B014,blu,IL PIANETA NEL PIATTO,Uva Ubriaca: “Il vino è cultura… ma quanta acqua consuma?,5 litri per bicchiere,50 litri per bicchiere,"Nessuna, è tutta pioggia",B,BUCHETTO: “Brindi con l’acqua del pianeta… e il pianeta resta a secco\!
#B015,blu,IL PIANETA NEL PIATTO,Cicoria Cico: “Mangiare locale cambia davvero il pianeta?,"Sì, riduce trasporti e inquinamento","No, conta solo il packaging","No, è solo marketing",A,BUCHETTO: “La cicoria non vola Ryanair: cresce sotto casa e salva il pianeta\!
#B016,blu,IL PIANETA NEL PIATTO,Kiwi Colon King: “Anche i frutti esotici hanno un prezzo climatico?,"No, sono sempre sostenibili","Sì, per trasporto e coltivazione",Solo se li mangi fuori stagione,B,BUCHETTO: “Ogni kiwi è un biglietto aereo nascosto per il pianeta\!
#B017,blu,IL PIANETA NEL PIATTO,Terra Felice: “Quanto brucia l’Amazzonia per un barbecue?,Pochissimo,Troppo: milioni di ettari,"Zero, è una fake news",B,BUCHETTO: “Ogni grigliata è un falò… in Amazzonia\!
#B018,blu,IL PIANETA NEL PIATTO,Noce Cervellona: “Meglio proteine vegetali o animali per la testa del pianeta?,"Animali, sono più complete","Vegetali, meno CO₂ e più nutrienti",Uguali,B,BUCHETTO: “Con la noce il cervello è felice… e il pianeta pure\!
#B019,blu,IL PIANETA NEL PIATTO,Cavolo Nero Samurai: “Il futuro è verde scuro come me?,"No, è sempre più carne","Sì, perché sono un superfood resistente",Solo se divento moda,B,BUCHETTO: “Il cavolo nero combatte come un samurai: spada alla CO₂\!
#B020,blu,IL PIANETA NEL PIATTO,Buchetto: “La dieta vegana può salvare il mondo?,"No, è solo una moda","Sì, riduce emissioni e consumo di acqua",Dipende dalle ricette,B,BUCHETTO: “Il culetto vegano è più leggero… e anche il pianeta respira meglio\!
#N114,viola,ANATOMIA A TAVOLA,Come divento la nuvola bianca della digestione?,Perché ho fibre che aiutano l’intestino,Perché riempio lo stomaco senza pesare,Perché sono leggero come l’aria,A,"CAVOLFIORE CLOUD: “Io sono soft ma strong: leggero come una nuvola, duro con la digestione\!"
#N115,viola,ANATOMIA A TAVOLA,Perché pulisco meglio di uno sturalavandini?,Perché ho pochissime calorie e tanta fibra,Perché sono molto diuretico,Perché non ho quasi grassi né zuccheri,A,FIORE DI ZUCCA: “Sono il WC-Net vegetale: ti ripulisco senza candeggina\!
#N116,viola,ANATOMIA A TAVOLA,Il resveratrolo mi rende amica del cuore?,"Sì, perché è un antiossidante che protegge le arterie",Perché abbasso la pressione,Perché rilasso il sangue come un bicchiere di vino,A,UVA UBRIACA: “Brinda pure: io ti faccio bene al cuore… se non esageri col bicchiere\!
#N117,viola,ANATOMIA A TAVOLA,Perché mi chiamano cibo per il cervello?,Perché contengo omega-3,Perché stimolo la memoria,Perché sembro un cervello in miniatura,A,"NOCE CERVELLONA: “Guarda la mia forma: sono un cervello in miniatura, ma con più crunch\!"
#N118,viola,ANATOMIA A TAVOLA,Come divento l’oro del fegato?,Perché ho curcumina antinfiammatoria,Perché pulisco i vasi sanguigni,Perché rendo la pelle più luminosa,A,CURCUMA GOLD: “Sono la spezia dorata che ti lucida dentro come un gioiello.
#N119,viola,ANATOMIA A TAVOLA,Perché scaldo la circolazione come un termosifone?,Perché stimolo il flusso sanguigno,Perché aumento la temperatura corporea,Perché faccio vasodilatarti come dopo una corsa,A,ZENZERO ROCKET: “Pronto al decollo: ti scaldo dal naso ai piedi\!
#A101,arancione,CULTURA DEL CIBO,Il pomodoro è nato in Italia o in America?,In Medio Oriente,In Sud America,In Sicilia con gli spaghetti,B,"BUCHETTO STORYTELLER: “Altro che nonna italiana\! Senza Colombo, niente sugo… solo pane e cipolle."
#A102,arancione,CULTURA DEL CIBO,Come sono diventata la più tossica del supermercato?,Perché sono geneticamente modificate,Perché vengo spruzzata con più pesticidi di tutti,Perché ho caffeina nascosta,B,FRAGOLA SPACCIATORE: “Sono rossa e sexy… ma piena di trucco tossico\!
#A103,arancione,CULTURA DEL CIBO,Perché sono il re della digestione hawaiana?,"Perché contengo bromelina, enzima che spezza le proteine",Perché sono pieno di collagene,Perché ho zuccheri che ti danno energia rapida,A,ANANAS KING: “Ti digerisco pure il suocero a cena\!
#A104,arancione,CULTURA DEL CIBO,Come le mie scorregge sono diventate leggenda musicale?,Perché contengo molte fibre,Perché ho caffeina segreta,Perché ho gas alieni dentro,A,"RE FAGIOLINO: “Sinfonia di peti in DO maggiore, un concerto per il pianeta e per il tuo culetto\!"
#A105,arancione,CULTURA DEL CIBO,Perché l’insalata da supermercato è il simbolo dell’agricoltura intensiva?,Perché è geneticamente uguale al lattughino,Perché cresce in Alaska,Perché è fatta di plastica,A,SON GINO: “Sono piccolo ma spruzzato come un campo da calcio intero\!
#A106,arancione,CULTURA DEL CIBO,Quando il mio viola è diventato glamour anche su Instagram?,Negli anni ’80,Con le ricette healthy virali,Con i cartoni animati giapponesi,B,"MELANZ-ANNA: “Sono la baddie dell’orto, trending topic anche senza filtri\!"
#A107,arancione,CULTURA DEL CIBO,Perché l’amaro è da sempre medicina popolare?,Perché stimola fegato e digestione,Perché è un gusto di moda,Perché fa dimagrire di colpo,A,CICORIA CICO: “Io ti dico la verità amara… e il fegato ringrazia\!
#A108,arancione,CULTURA DEL CIBO,Perché lo zucchero era chiamato oro bianco?,Perché valeva quanto l’oro nelle rotte coloniali,Perché brillava di notte,Perché faceva ricchi i dentisti,A,"TERRA FELICE: “Il vero oro non era nei gioielli, ma nelle piantagioni."
#A109,arancione,CULTURA DEL CIBO,Da quanto tempo mi usano come cibo per il cervello?,Dall’antica Grecia,Dagli anni ’70 con la dieta vegetariana,Solo con le mode moderne,A,"NOCE CERVELLONA: “Ho la forma giusta da millenni, mica da ieri\!"
#A110,arancione,CULTURA DEL CIBO,Come sono diventato simbolo delle vacanze in Italia?,Perché sono arrivato dalla Nuova Zelanda negli anni ’70,Perché sono nato a Capri,Perché ero la frutta preferita di Garibaldi,A,KIWI COLON KING: “Da outsider a VIP delle tavole: colon felice e passaporto italiano\!
#A111,arancione,CULTURA DEL CIBO,Perché il vino è rito più che cibo?,Perché accompagna cerimonie e tradizioni,Perché ha caffeina nascosta,Perché rende immortali,A,"UVA UBRIACA: “Non è solo bere, è brindare: cultura liquida che scalda il cuore\!"
#A112,arancione,CULTURA DEL CIBO,Perché mi chiamano la regina della salute?,Perché una mela al giorno leva il medico di torno,Perché contengo caffeina,Perché nascondo vitamina D,A,"MELA MAESTRA: “Semplice, rotonda, quotidiana: io sono la lezione base di salute\!"
#A113,arancione,CULTURA DEL CIBO,Perché la vitamina C è entrata nella cultura pop?,Perché previene lo scorbuto,Perché ti fa ballare tutta la notte,Perché illumina la pelle,A,"ARANCIA RAVE: “Senza di me, i marinai cadevano come mosche. Io sono la vera star dei viaggi\!"
#A114,arancione,CULTURA DEL CIBO,Come ho salvato l’Europa dalla carestia?,Perché sono facile da coltivare e nutriente,Perché contengo caffeina,Perché sono magiche contro i virus,A,"PATATA SOVVERSIVA: “Ero il cibo dei poveri, ma ho rivoluzionato il continente\!"
#A115,arancione,CULTURA DEL CIBO,Perché gli Aztechi mi veneravano come un dio?,Perché ero la base della loro alimentazione,Perché brillavo al sole,Perché facevo crescere l’oro,A,"MAIS SACRO: “Non ero solo cibo: ero vita, religione e cultura in pannocchia."
#A116,arancione,CULTURA DEL CIBO,Perché sono più rito che bevanda?,Perché scandisco le giornate italiane,Perché ho caffeina segreta,Perché costavo quanto l’oro,A,"CAFFÈ ESPRESSO: “Non è un drink, è un abbraccio di due minuti al bar\!"
#A117,arancione,CULTURA DEL CIBO,Come sono diventata il fast food delle case tristi?,Perché sono economica e pronta in 5 minuti,Perché ho caffeina,Perché sono nata nei ristoranti stellati,A,"PIZZA ZOMBIE: “Sono morta dentro, ma resuscito al microonde\!"
#A118,arancione,CULTURA DEL CIBO,Perché la cola è diventata simbolo globale?,Perché è stata usata come icona culturale e pubblicitaria,Perché è nata in Italia,Perché conteneva vitamine segrete,A,BIBITA FRIZZONA: “Non sono solo bollicine: sono l’America in lattina\!
#A119,arancione,CULTURA DEL CIBO,Perché il curry è sia indiano che britannico?,Perché è nato dall’incontro tra colonie e Inghilterra,Perché lo hanno inventato i francesi,Perché è una spezia magica,A,CURRY NOMADE: “Sono il figlio meticcio della colonizzazione: speziato e viaggiatore\!
#A120,arancione,CULTURA DEL CIBO,È nato in Italia o in Cina?,"In Cina, con le prime ricette di ghiaccio e latte","In Francia, coi pasticceri reali",In Sicilia con le granite,A,GELATO MISTERIOSO: “Io sono il mistero freddo più dolce: faccio il giro del mondo da secoli\!
#V001,verde,CIBI FURBI & CIBI TRAPPOLA,Le proteine vegetali hanno tutti gli aminoacidi o sono monche?,Sono più monche di un manichino senza braccia,"Ce li hanno tutti ma in proporzioni diverse, come i Pokémon\!",Funzionano solo se le mixi con la bistecca,B,"BUCHETTO SPUTA FATTI:** ""I gorilla sono vegani e pesano 200 kg di muscoli puri\! Mentre voi vi preoccupate delle proteine, loro si fanno i bicipiti coi banani\! No cap\!"
#V002,verde,CIBI FURBI & CIBI TRAPPOLA,Il latte ti rafforza le ossa. Oltre a tua nonna lo dice anche la scienza?,Ossa d'acciaio garantite al 100%,"No, lo dice solo mia nonna","Solo se è latte intero, quello scremato è acqua sporca",B,"BUCHETTO SGANASCIA:** ""CAPPERI\! Le mucche non bevono latte dopo lo svezzamento e hanno ossa da paura\! Coincidenze? Io non credo\! Il tuo culetto ringrazia quando eviti i latticini\!"
#V003,verde,CIBI FURBI & CIBI TRAPPOLA,"Per fare 1 kg di bistecca, quanti kg di cereali si bruciano?","2-3 kg, giusto un antipastino","6-10 kg, praticamente un silos intero\!","Zero, le mucche sono respiretariane",B,"BUCHETTO IMPLORA PIETÀ:** ""È come bruciare 6 pizze napoletane per fare una fettina di salame\! Logica da alieno\! Io qui nel culetto piango lacrime amare\!"
#V004,verde,CIBI FURBI & CIBI TRAPPOLA,Ma quindi il ferro della bistecca è più forte di quello degli spinaci?,"Sì, ma gli spinaci con vitamina C diventano una bomba assurda\!","No, sono identici, stessa roba",Gli spinaci vincono sempre e comunque,A,
#V005,verde,CIBI FURBI & CIBI TRAPPOLA,I vegetariani sono più magri o è una leggenda metropolitana?,Confermato dalla scienza: sono tendenzialmente più magri\!,"Pesano uguale, è tutto marketing",Sono più ciccioni perché mangiano solo patatine,A,"BUCHETTO CELEBRA:** ""La fibra è il buttafuori del tuo intestino\! Fa uscire tutti i cattivi e io faccio party ogni giorno\! Chi non mangia verdura fa la cacca dura dura\!"
#V006,verde,CIBI FURBI & CIBI TRAPPOLA,Senza uova muori di fame proteica o è una Bufala?,"Muori male, le uova sono vita",Fake news\! Tofu e fagioli ti salvano il culetto\!,Solo se fai palestra devi mettere su massa.,B,"RE FAGIOLINO REGNA:** ""E il tofu non ti fa scoreggiare zolfo come le uova\! Le mie scoregge sono profumate e salutari\! Chi scoreggia, regna\!"
#V007,verde,CIBI FURBI & CIBI TRAPPOLA,Gli omega-3 stanno solo nei pesci?,"Solo pesci, punto e basta",Fake news\! Semi di lino e noci ne sono pieni\!,Solo negli integratori da 50 euro,B,"IL TONNO PIANGE:** ""Sono così pieno di mercurio che potrei essere usato come termometro\! Meglio i semi, amici, senza microplastiche\!"
#V008,verde,CIBI FURBI & CIBI TRAPPOLA,La B12 viene dalla carne o c'è un plot twist?,È esclusiva della carne,"PLOT TWIST: la fanno i batteri, non le mucche\!",Solo nel latte delle mucche felici,B,"BUCHETTO SVELA:** ""Gli animali la prendono dagli integratori\! Skip the middleman, amici\! Praticamente mangi B12 di seconda mano\!"
#V009,verde,CIBI FURBI & CIBI TRAPPOLA,I carboidrati ti fanno esplodere come un palloncino?,"Sempre, sono il male assoluto","Quelli bianchi sì (cemento), quelli integrali no (oro)\!","Mai, puoi mangiarne a tonnellate",B,"BUCHETTO APPROVA:** ""Pane bianco \= cemento per il tuo culetto\! Pane integrale \= slip'n'slide per la cacca perfetta\! CAPPERI che differenza\!"
#V010,verde,CIBI FURBI & CIBI TRAPPOLA,Il glutine è il Voldemort del cibo per tutti?,"Sì, ci ucciderà tutti","No fra, solo l'1% deve temerlo (i celiaci)\!",Solo se hai il sangue gruppo 0,B,"BUCHETTO FACTS:** ""È una fake news spaziale, fratè\! Il glutine è il nemico solo dell'1%\! Il resto è moda da influencer\!"
#V011,verde,CIBI FURBI & CIBI TRAPPOLA,Il miele è vegano o le api dicono 'col cavolo'?,"Vegano al 100%, è naturale\!",Le api dicono 'sto vomito è nostro\!,Solo se bio e le api firmano il consenso,B,"BUCHETTO SHOCK:** ""È letteralmente vomito d'ape cristallizzato\! Buono eh, ma sempre vomito\! Mind \= blown\!"
#V012,verde,CIBI FURBI & CIBI TRAPPOLA,La margarina è sempre plant-based o ci fregano?,"Sempre vegetale, giuro\!",CI FREGANO\! Spesso c'è latte ninja nascosto\!,Solo se non c'è olio di palma,B,"BUCHETTO DETECTIVE:** ""Leggi l'etichetta o mangerai latticini ninja\! Sono più nascosti del Wurstel quando si traveste da cibo vero\!"
#V013,verde,CIBI FURBI & CIBI TRAPPOLA,Il vino è solo succo d'uva fermentato senza prodotti di origine animale?,"Solo uva, basta\!","Se non Bio o Veg potrebbe essere filtrato con budella di pesce, uova o gelatine di origine animale\!",Solo il rosso ha roba strana,B,"BUCHETTO BRINDA:** ""State bevendo pesce filtrato fratelli\! Cin cin con le interiora\! Il tuo culetto preferisce il vino vegano\!"
#V014,verde,CIBI FURBI & CIBI TRAPPOLA,Gli orsetti gommosi sono fatti di cosa? Spoiler: è disgustoso\!,Alghe marine carine,Ossa e pelle di maiale bollite\! BUON APPETITO\!,Amido di mais innocente,B,"L'ORSETTO CONFESSA:** ""Sono fatto di scarti di maiale bolliti\! Sono più Frankenstein che Haribo\! Buchetto vomita solo a pensarci\!"
#V015,verde,CIBI FURBI & CIBI TRAPPOLA,Il formaggio che grattuggi sulla pasta è vegetariano o c'è il trucco?,Vegetariano doc\!,TRUCCO\! C'è lo stomaco di baby mucca dentro\!,Solo quello senza lattosio è ok,B,"BUCHETTO NAUSEATO:** ""Stai mangiando enzimi di stomaco di baby mucca\! E poi dici che i vegani sono strani? CAPPERI\!"
#V016,verde,CIBI FURBI & CIBI TRAPPOLA,I cereali da colazione sono healthy o è una trappola?,"Super healthy, lo dice la scatola\!",TRAPPOLA\! 30% zucchero \= torta liquida\!,Solo quelli integrali salvano,B,"BUCHETTO SVEGLIO:** ""30% zucchero \= dessert travestito da colazione\! Il tuo culetto al mattino vuole fibre, non diabete\!"
#V017,verde,CIBI FURBI & CIBI TRAPPOLA,Le barrette proteiche sono meglio delle merendine?,"Ovvio, sono per sportivi\!",È solo una merendina che va in palestra\! Stesso zucchero\!,Solo quelle al cioccolato fanno schifo,B,"BUCHETTO SMONTA:** ""È solo una merendina che fa palestra\! 20g di zucchero con proteine\! Il tuo culetto non si fa fregare\!"
#V018,verde,CIBI FURBI & CIBI TRAPPOLA,Il succo di frutta \= frutta vera?,"Certo, è matematica\!","NO\! È una bibita travestita da salutista, la pastorizzazione uccide tutto\!",Solo se dice 100% vera frutta,B,"BUCHETTO REAL TALK:** ""È una bibita alla frutta senza le bollicine\! Zero fibre \= zero party nel tuo culetto\!"
#V019,verde,CIBI FURBI & CIBI TRAPPOLA,Il seitan ha proteine o è aria fritta?,Aria fritta proteica,"25g di proteine su 100g, BOOM\!",Solo se lo friggi diventa proteico,B,"BUCHETTO FESTEGGIA:** ""Zero colesterolo, zero antibiotici, zero sofferenza\! Il tuo culetto fa la ola\!"
#V020,verde,CIBI FURBI & CIBI TRAPPOLA,Il tofu ti fa crescere le tette anche se sei maschio?,"Sì, diventi una Barbie",FAKE NEWS del secolo\! Gli asiatici lo sanno da 3000 anni\!,Solo se ne mangi 10 kg al giorno,B,"LA SOIA RIDE:** ""3000 anni che mi mangiano in Asia e zero tette maschili\! Buchetto dice: è più probabile che ti crescano dal pollo agli ormoni\!"
#V021,verde,CIBI FURBI & CIBI TRAPPOLA,I legumi ti fanno scoreggiare come una tromba?,"No, è un mito","All'inizio sì, poi il tuo buchetto si abitua\!",Solo i fagioli neri sono letali,B,"RE FAGIOLINO FILOSOFEGGIA:** ""Le prime volte suoni la sinfonia del culetto\! Ma sono scoregge nobili che puliscono l'intestino\! Chi scoreggia, regna\!"
#V022,verde,CIBI FURBI & CIBI TRAPPOLA,Le patate sono verdure o ti stanno fregando?,Verdure al 100%,TI FREGANO\! Sono tuberi amidacei\! Considerale carboidrati,Solo quelle verdi sono verdure,B,"BUCHETTO SMONTA:** ""Contano come carboidrati, non come verdure\! È come dire che la pizza è insalata perché c'è il pomodoro\!"
#V023,verde,CIBI FURBI & CIBI TRAPPOLA,L'avocado è un superfood o una truffa hipster?,Superfood certificato dagli dei,È grasso buono ma non miracoloso\!,"Truffa totale, è solo burro verde",B,"BUCHETTO MILLENNIAL:** ""Costa come un rene ma almeno non intasa le arterie\! Il tuo culetto approva i grassi buoni\!"
#V024,verde,CIBI FURBI & CIBI TRAPPOLA,Il caffè disidrata o è una leggenda?,Ti secca come l'uva passa,Solo se ne bevi litri\! 1-2 tazze no problem\!,"Mai, anzi idrata il doppio",B,"BUCHETTO CAFFEINATO:** ""Due caffè ok, dieci caffè e fai la cacca a spruzzo\! Il tuo culetto ha dei limiti\!"
#V025,verde,CIBI FURBI & CIBI TRAPPOLA,Lo zucchero di canna è più sano di quello bianco?,"Ovvio, è marrone quindi naturale\!","STESSO SCHIFO, solo colore diverso\!","100 volte meglio, è medicina",B,"BUCHETTO TRUTH BOMB:** ""È zucchero con l'abbronzatura\! Stesso danno, prezzo doppio\! Marketing del cavolo\!"
#V026,verde,CIBI FURBI & CIBI TRAPPOLA,Il sale rosa dell'Himalaya ha superpoteri?,"Cura tutto, anche la stupidità","È sale con minerali traccia, niente magia\!",Ti allunga la vita di 10 anni,B,"BUCHETTO SMASCHERA:** ""Costa 20 volte il sale normale per lo 0,1% di minerali in più\! Il tuo culetto non nota la differenza\!"
#V027,verde,CIBI FURBI & CIBI TRAPPOLA,I superfood esistono davvero?,"Sì, sono certificati dalla NASA",Marketing\! Nessun cibo è super da solo\!,Solo le bacche di goji sono vere,B,"BUCHETTO REALISTA:** ""È come dire che Superman esiste\! Mangia vario invece di cercare la pillola magica\!"
#V028,verde,CIBI FURBI & CIBI TRAPPOLA,Il digiuno intermittente è geniale o pericoloso?,"Geniale, risolve tutto",Può funzionare ma non per tutti\!,Ti uccide in 3 giorni,B,"BUCHETTO SAGGIO:** ""Il tuo culetto vuole regolarità\! Se funziona ok, ma non è la risposta universale\!"
#V029,verde,CIBI FURBI & CIBI TRAPPOLA,Le proteine in polvere sono necessarie?,Senza muori in palestra,Solo se non mangi abbastanza cibo vero\!,Sono dopanti legali,B,"BUCHETTO FIT:** ""Prima mangia fagioli e tofu\! Le polveri sono per chi ha fretta o soldi da buttare\!"
#V030,verde,CIBI FURBI & CIBI TRAPPOLA,Il biologico è sempre meglio?,"Sempre, senza eccezioni","Spesso sì, ma non è magico\!",È una truffa totale,B,"BUCHETTO EQUILIBRATO:** ""Meno pesticidi \= buchetto felice\! Ma una mela bio con la muffa non è meglio di una normale\!"
#V031,verde,CIBI FURBI & CIBI TRAPPOLA,Il microonde distrugge i nutrienti?,Li polverizza tutti,Meno della cottura normale\!,Li moltiplica per due,B,"BUCHETTO SCIENCE:** ""Cucina veloce \= meno tempo per distruggere vitamine\! Il tuo culetto approva\!"
#V032,verde,CIBI FURBI & CIBI TRAPPOLA,Bisogna bere 2 litri d'acqua al giorno per forza?,Sì o muori disidratato,"Dipende da peso, attività, clima\!","No, basta mezzo litro",B,"BUCHETTO IDRATATO:** ""Guarda la tua pipì\! Gialla chiara \= ok, gialla scura \= bevi, trasparente \= stai esagerando\!"
#V033,verde,CIBI FURBI & CIBI TRAPPOLA,Il cioccolato fondente fa bene?,È medicina pura,Solo se è fondente 70%+ E VEGAN\!,Fa sempre male,B,"BUCHETTO GOLOSO:** ""Fondente vegan sopra il 70% \= antiossidanti da paura\! Ma occhio: se c'è latte dentro stai finanziando la sofferenza delle mucche. Un quadratino di quello buono sì, la tavoletta intera e il tuo buchetto piange\! Moderazione è la parola magica... e compassione pure\!"
#V034,verde,CIBI FURBI & CIBI TRAPPOLA,La pasta fa ingrassare?,"Sempre, è il demonio",No se controlli porzioni e condimenti\!,"Mai, puoi mangiarne chili",B,"BUCHETTO ITALIANO:** ""100g con pomodoro \= ok\! 300g con panna e pancetta \= buchetto in difficoltà\!"
#V035,verde,CIBI FURBI & CIBI TRAPPOLA,Il burro di arachidi è sano?,"No, è grasso puro","Quello 100% arachidi sì, quello con zucchero no\!",Sempre sanissimo,B,"BUCHETTO DETECTIVE:** ""Leggi l'etichetta\! Se c'è più roba oltre alle arachidi, stacci lontano\!"
#V036,verde,CIBI FURBI & CIBI TRAPPOLA,Le bevande zero calorie sono innocue?,Totalmente safe,Meglio dell'originale ma non sono acqua\!,Ti uccidono all'istante,B,"BUCHETTO WARN:** ""Ingannano il cervello e il buchetto\! Meglio acqua con limone che chimica liquida\!"
#V037,verde,CIBI FURBI & CIBI TRAPPOLA,Il sushi è sempre healthy?,"Sempre, è giapponese\!",Solo quello vegan\!,"Mai, il pesce crudo uccide",B,"BUCHETTO SENSEI:** ""Il sushi all-you-can-eat? Più processato di una foto di un influencer\! Microplastiche, antibiotici, metalli pesanti... Il sushi vegan con avocado? Quello sì che è amore per il tuo buchetto\! Sayonara alle sofferenze\!"
#V038,verde,CIBI FURBI & CIBI TRAPPOLA,Il pane integrale del supermercato è vero integrale?,"Sempre, lo dice l'etichetta",Spesso è farina bianca con crusca aggiunta\!,È più integrale del normale,B,"BUCHETTO SHERLOCK:** ""Se il primo ingrediente non è 'farina integrale', ti stanno fregando\! Colorato di marrone non significa sano\!"
#V039,verde,CIBI FURBI & CIBI TRAPPOLA,I dolcificanti artificiali sono meglio dello zucchero?,100 volte meglio,Controversi\! Meglio ridurre il dolce in generale\!,Sono veleno puro,B,"BUCHETTO FILOSOFO:** ""Inganni il palato ma non il cervello\! Il tuo culetto preferisce meno dolce che finto dolce\!"
#V040,verde,CIBI FURBI & CIBI TRAPPOLA,Le chips di verdure sono sane?,"Super sane, sono verdure\!","FRITTE \= FRITTE, anche se sono carote\!",Più sane delle patatine normali,B,"BUCHETTO SMONTA ILLUSIONI:** ""Una zucchina fritta non diventa healthy solo perché era una zucchina\! Il tuo buchetto non è scemo\!"
#B029,blu,IL PIANETA NEL PIATTO,Una mucca scoreggia gas serra come quante auto?,Mezza Smart,Come un SUV che fa 10.000 km/anno\!,Come 10 Ferrari a palla,B,"BUCHETTO ECO-WARRIOR:** ""Le scoregge bovine stanno friggendo il pianeta\! Meglio le scoregge di Re Fagiolino che sono carbon neutral\!"
#B028,blu,IL PIANETA NEL PIATTO,Quanta acqua serve per produrre 1 kg di manzo?,"100 litri, una vascata",15.000 LITRI\! Potresti farci 100 docce\!,50 litri max,B,"BUCHETTO SHOCK:** ""Con l'acqua di una bistecca ci fai la doccia per 3 mesi\! Perché? Semplice: devi irrigare i campi per i cereali che mangia la mucca, darle da bere, lavare le sue deiezioni, pulire i macchinari, trasportare tutto... È una catena di spreco ASSURDA\! Per 1 kg di cereali servono solo 1000 litri. Il pianeta e il tuo buchetto piangono insieme\!"
#B027,blu,IL PIANETA NEL PIATTO,L'allevamento intensivo occupa quanta terra agricola?,"10%, pochino",77%\! Quasi TUTTO\!,"30%, giusto un po",B,"BUCHETTO MAPPATONE:** ""Le mucche hanno più terra di noi\! È come se i Pokemon occupassero tutto il mondo\!"
#B026,blu,IL PIANETA NEL PIATTO,Quanta foresta amazzonica diventa pascolo ogni minuto?,Un campo da tennis,3 campi da calcio\!,Un tavolino da ping pong,B,"BUCHETTO APOCALITTICO:** ""Mentre fai la cacca, sparisce una foresta\! La tua bistecca sta mangiando il polmone del mondo\!"
#B021,blu,IL PIANETA NEL PIATTO,Il trasporto del cibo inquina più della produzione?,"Sì, sempre",NO\! La produzione inquina molto di più\!,Sono uguali,B,"BUCHETTO SVELA:** ""Un avocado dal Messico inquina meno di una bistecca del contadino sotto casa\! Mind \= blown\!"
#B024,blu,IL PIANETA NEL PIATTO,Quanta plastica c'è nel pesce che mangi?,"Zero, il mare la filtra",Microplastiche in 1 pesce su 3\!,Solo nei pesci cinesi,B,"IL TONNO PLASTICOSO:** ""Sono più plastica che pesce\! Sono un action figure commestibile\! Buchetto preferisce i legumi\!"
#B023,blu,IL PIANETA NEL PIATTO,Quanto cibo buttiamo nel mondo?,"5%, pochissimo",1/3 DI TUTTO\! Un'apocalisse di spreco\!,"10%, accettabile",B,"BUCHETTO PIANGE:** ""Mentre la gente muore di fame, buttiamo cibo per sfamare 3 miliardi di persone\! Il mio culetto è indignato\!"
#B030,blu,IL PIANETA NEL PIATTO,Le api stanno sparendo. Quanto cibo dipende da loro?,"5%, solo il miele",35% di tutto il cibo mondiale\!,"80%, moriamo tutti",B,"L'APE MAYA URLA:** ""Senza di noi, addio frutta e verdura\! Noi impollinamo i fiori che diventano frutti\! Mele, pomodori, zucchine, caffè, cioccolato... tutto sparisce\! Restano solo grano e mais. Il vostro buchetto mangerà cereali e tristezza\! Pesticidi e monocolture ci stanno ammazzando\!"
#B022,blu,IL PIANETA NEL PIATTO,Un hamburger equivale a quante docce in acqua?,2 docce velocissime,50-60 DOCCE\! Due mesi di igiene\!,Mezza doccia,B,"BUCHETTO CALCULATOR:** ""Un panino \= 2 mesi senza lavarsi il culetto\! Che schifo, fra\!"
#B025,blu,IL PIANETA NEL PIATTO,Quanto metano produce una mucca al giorno?,Un peto ogni tanto,250-500 LITRI\! Una bomba ambulante\!,"Zero, è fake news",B,"BUCHETTO GASSOSO:** ""Ogni mucca è una centrale a metano\! Re Fagiolino in confronto è un dilettante\!"
#A001,arancione,CULTURA DEL CIBO,"Chi ha inventato il vegetarianismo, gli hippy degli anni '60?","Sì, pace e amore fratello",NO\! Pitagora 2500 anni fa\! Il primo nerd veggie\!,Steve Jobs nel garage,B,"BUCHETTO STORICO:** ""Pitagora faceva teoremi E salvava animali\! Un genio con il cuore e il culetto pulito\!"
#A002,arancione,CULTURA DEL CIBO,In India quanta gente è vegetariana?,"5%, quattro gatti",40%\! Mezzo miliardo di persone\!,"100%, mangiano solo curry",B,"BUCHETTO MONDIALE:** ""500 milioni di indiani con la cacca perfetta\! Loro l'hanno capito da secoli\!"
#A003,arancione,CULTURA DEL CIBO,Chi ha inventato il ketchup?,I cowboy del Texas,I monaci cinesi,I chimici della nasa per gli astronauti negli anni 60,B,"BUCHETTO:** ""Era una salsa fermentata di pesce… io l’ho assaggiata una volta…Mi è esploso il buchetto\!"
#A004,arancione,CULTURA DEL CIBO,I gladiatori romani mangiavano bistecche o erano veggie?,Solo carne di leone,ORZO E FAGIOLI\! Erano chiamati 'hordearii' (mangiatori d'orzo)\!,Pizza e carbonara,B,"BUCHETTO GLADIATORE:** ""I guerrieri più tosti della storia mangiavano come Re Fagiolino\! SPQR \= Solo Peti (In) Questa Roma\!"
#A005,arancione,CULTURA DEL CIBO,Quando arriva il pomodoro in Italia?,Con Giulio Cesare,Nel 1500 dalle Americhe\!,L'ha sempre avuto,B,"BUCHETTO SHOCK:** ""Prima del 1500 l’italianità non era quella che conosciamo oggi\!"
#A006,arancione,CULTURA DEL CIBO,"Le patatine fritte sono francesi, belghe o...",Francesi al 100%,BELGHE\! I francesi sono impostori\!,Americane ovvio,B,"BUCHETTO DETECTIVE:** ""French fries \= Belgian fries\! La più grande truffa culinaria della storia\!"
#A007,arancione,CULTURA DEL CIBO,Il caffè viene dall'Italia vero? VERO?\!,"Ovvio, l'espresso è nostro","FALSO\! Dall'Etiopia, poi Yemen, poi Turchia, POI Italia\!",Da Starbucks,B,"BUCHETTO CAFFEINA:** ""L'Italia l'ha solo perfezionato\! Manco cresce da noi il caffè\!"
#A008,arancione,CULTURA DEL CIBO,Il sushi esiste da quanto? 10 anni?,Dal 2010 con Instagram,Dal SECOLO VIII\! 1200 anni fa\!,Anni '80 in California,B,"BUCHETTO SAMURAI:** ""Quando l’Europa mangiava porridge triste, il Giappone già rollava riso e alghe\! Ma oggi, col sushi al salmone intensivo, si rolla pure il pianeta nel cesso. Meglio quello vegano, e il mio buchetto ringrazia. Hai capito, wasabi?"
#A009,arancione,CULTURA DEL CIBO,La pasta viene dalla Cina o è propaganda?,"Fake news, è italiana DOC",Marco Polo probailmente l'ha copiata\!,L'hanno inventata gli alieni,B,"BUCHETTO CONTROVERSO:** ""I noodles esistevano prima degli spaghetti\!"
#A010,arancione,CULTURA DEL CIBO,"I Maya cosa coltivavano? Mais, fagioli e...?",Hamburger,ZUCCHE\! La trinità sacra\!,Avocado toast,B,"BUCHETTO AZTECO:** ""Le tre sorelle dell'agricoltura\! Zero mucche, 100% fibra, impero di 15 milioni\! Coincidenze?"
#A011,arancione,CULTURA DEL CIBO,Il cioccolato era una bevanda sacra per chi?,Per i preti italiani,Per gli AZTECHI\! Bevanda degli dei\!,Per la Regina Elisabetta,B,"BUCHETTO DIVINO:** ""Lo bevevano con peperoncino\! Il culetto azteco era on fire literally\!"
#A012,arancione,CULTURA DEL CIBO,Leonardo da Vinci mangiava carne?,Solo bistecche fiorentine,NO\! Era vegetariano e comprava uccelli per liberarli\!,Solo pesce il venerdì,B,"BUCHETTO GENIO:** ""Il più grande genio della storia non mangiava animali\! Coincidenza? Il culetto pensa di no\!"
#A013,arancione,CULTURA DEL CIBO,Einstein era vegetariano?,"Mai, amava il prosciutto",SÌ\! Negli ultimi anni disse che era il futuro\!,Solo di lunedì,B,"BUCHETTO RELATIVITY:** ""E=MC² \= Energia \= Mangia Cibo Vegetale²\! La fisica del culetto perfetto\!"
#A014,arancione,CULTURA DEL CIBO,Il Buddha che dieta seguiva?,Digiuno totale,Vegetariana con compassione\!,Keto prima che fosse cool,B,"BUCHETTO ZEN:** ""L'illuminazione passa per un culetto pulito\! Ohmmm significa 'Oh Mamma Mia che cacca perfetta\!"
#A015,arancione,CULTURA DEL CIBO,Il sale era prezioso come l'oro dove?,Mai da nessuna parte,Nell'antica Roma\! Da lì viene il termine 'salario'\!,Solo su Marte,B,"BUCHETTO ETIMOLOGO:** ""Ti pagavano in sale\! Oggi ti lamenti dello stipendio, pensa se ti pagassero in dado vegetale\!"
#A016,arancione,CULTURA DEL CIBO,La forchetta arriva in Europa quando?,Preistoria fatta con ossa di bue lavorate,MEDIOEVO dalla Bizantina\! Prima mangiavano con le mani\!,L'ha inventata Ikea,B,"BUCHETTO MEDIEVAL:** ""Per secoli hanno mangiato con le mani\! Il culetto medievale era disgustato\!"
#A017,arancione,CULTURA DEL CIBO,Il primo ristorante vegetariano apre dove?,San Francisco 1969,SVIZZERA nel 1898\!,Los Angeles 2010,B,"BUCHETTO PIONIERE:** ""Gli svizzeri facevano già il veggie mentre gli altri mangiavano lardo\! Precisione anche nel culetto\!"
#A018,arancione,CULTURA DEL CIBO,I Nativi Americani coltivavano quante varietà di patate?,2: bianche e rosse,OLTRE 3000\! Un'empire di patate\!,"Zero, le importavano",B,"BUCHETTO PATATA:** ""3000 tipi di patate \= 3000 modi di fare la cacca perfetta\! Biodiversità del culetto\!"
#A019,arancione,CULTURA DEL CIBO,Il ketchup nasce come medicina per cosa?,Per la diarrea,Per TUTTO\! Era venduto come cura universale nel 1800\!,Per far mangiare le verdure ai bimbi,B,"BUCHETTO MEDICINE:** ""Dr. Ketchup's Magic Potion\! Il tuo culetto rideva mentre la gente ci credeva\!"
#A020,arancione,CULTURA DEL CIBO,Le carote erano arancioni dall'inizio?,"Sempre, è naturale","NO\! Erano viola/bianche, gli olandesi le fecero arancioni\!",Erano blu fluo,B,"BUCHETTO COLOR:** ""Le fecero arancioni per la casa reale Orange\! Marketing medievale per il culetto reale\!"
#A021,arancione,CULTURA DEL CIBO,Il peperoncino più piccante del mondo può ucciderti?,"No, è solo piccante",Il Carolina Reaper può mandarti in ospedale\!,Ti trasforma in drago,B,"BUCHETTO ON FIRE:** ""2.2 milioni di Scoville\! Il tuo culetto diventa un lanciafiamme\! Re Fagiolino scappa terrorizzato\!"
#A022,arancione,CULTURA DEL CIBO,Il wasabi che mangi è vero wasabi?,"Sempre, è sacro",NO\! È rafano colorato nel 95% dei casi\!,È fatto di lacrime,B,"BUCHETTO FAKE:** ""Il vero wasabi costa come l'oro\! Stai mangiando rafano verde\! Il tuo culetto è stato truffato\!"
#A023,arancione,CULTURA DEL CIBO,Le più iconiche creme spalmabili alla nocciola contengono quante nocciole?,"80%, è praticamente burro di nocciole",Solo 13%\! Il resto è zucchero e olio\!,100% nocciole magiche,B,"BUCHETTO SHOCK:** ""È crema di zucchero con guest appearance delle nocciole\! Il culetto piange cioccolato\!"
#A024,arancione,CULTURA DEL CIBO,Il pane in cassetta dura settimane perché?,Magia nera,CONSERVANTI e additivi a manetta\!,È fatto di plastica,B,"BUCHETTO CHIMICO:** ""E471, E472, E481... È la tavola periodica\! Il tuo culetto preferisce il pane vero\!"
#A025,arancione,CULTURA DEL CIBO,La Coca Cola cosa aveva dentro all'inizio della sua storia?,Solo zucchero e bollicine,COCAINA\! Era energy drink estremo\!,Sangue di unicorno,B,"BUCHETTO VINTAGE:** ""Coca \= Cocaina, Cola \= Noci di cola\! Il culetto dell'800 era molto allegro\!"
#A026,arancione,CULTURA DEL CIBO,I corn flakes furono inventati per...,Colazione dei campioni,FERMARE LA MASTURBAZIONE\! Kellogg era ossessionato\!,Nutrire gli astronauti,B,"BUCHETTO IMBARAZZATO:** ""Pensava che il cibo bland fermasse le voglie\! Il culetto vittoriano era molto confuso\!"
#A027,arancione,CULTURA DEL CIBO,Il MSG (glutammato) è davvero tossico?,Ti frigge il cervello,"NO\! È sicuro, solo razzismo anti-asiatico\!",Solo per gli alieni,B,"BUCHETTO SCIENCE:** ""È nell'umami naturale\! Il pomodoro ne è pieno\! Il tuo culetto è stato ingannato dal razzismo\!"
#A028,arancione,CULTURA DEL CIBO,L'ananas sulla pizza è crimine in Italia?,Pena di morte,"NO\! È solo drama, in realtà alcuni la mangiano\!",10 anni di carcere,B,"BUCHETTO CONTROVERSIAL:** ""Il Canada l'ha inventata\! Il culetto italiano finge indignazione ma secretly alcuni approvano\!"
#A029,arancione,CULTURA DEL CIBO,Il croissant è francese?,Oui oui baguette,NO\! È austriaco (kipferl)\!,È americano,B,"BUCHETTO PLOT TWIST:** ""I francesi l'hanno rubato\! Come le patatine fritte\! Il culetto francese è full of lies\!"
#A030,arancione,CULTURA DEL CIBO,Il tiramisù esiste da...,"Sempre, ricetta della nonna",Solo dagli anni '60-'70\! È recentissimo\!,Dal Rinascimento,B,"BUCHETTO PASTICCERE:** ""È più giovane dei tuoi genitori\! Peccato che la versione classica sia piena di uova e latticini…Ma col tiramisù vegano, il mio buchetto dice: YUM e non UMH"
#A031,arancione,CULTURA DEL CIBO,I pop corn li mangiavano già...,Al cinema nel 1950,I NATIVI AMERICANI 5000 anni fa\!,Nel medioevo,B,"BUCHETTO ANCIENT:** ""Facevano pop corn quando le piramidi erano in costruzione\! Il culetto preistorico già sgranocchiava\!"
#A032,arancione,CULTURA DEL CIBO,La margarina fu inventata per...,Vegani ante-litteram,NAPOLEONE III per nutrire l'esercito in modo cheap\!,Nutrire i faraoni in Egitto che non avevano mucche,B,"BUCHETTO GUERRA:** ""Burro dei poveri per soldati\! Il culetto militare doveva accontentarsi\!"
#A033,arancione,CULTURA DEL CIBO,Il ghiaccio nel drink era lusso fino a...,Mai stato lusso,FINE 1800\! Prima solo per ricchissimi\!,Ancora oggi è lusso,B,"BUCHETTO COOL:** ""Il ghiaccio costava più del whisky\! Il culetto ricco beveva freddo, quello povero tiepido\!"
#A034,arancione,CULTURA DEL CIBO,La banana che mangiamo è...,Naturale al 100%,"UN CLONE\! Tutte identiche, varietà Cavendish\!",OGM spaziale,B,"BUCHETTO BANANA:** ""Ogni banana è il clone della stessa pianta\! Attack of the Clone Bananas nel tuo culetto\!"
#A035,arancione,CULTURA DEL CIBO,Il cibo in scatola esiste da...,Seconda guerra mondiale,NAPOLEONE\! 1810 per le sue guerre\!,l’invenzione della scatola nel medioevo,B,"BUCHETTO LATTINA:** ""Napoleone voleva conquistare il mondo con fagioli in scatola\! Il culetto imperiale era pragmatico\!"
#A036,arancione,CULTURA DEL CIBO,Il primo fast food drive-through?,McDonald's 1975,In-N-Out Burger 1948\!,Burger King 1980,B,"BUCHETTO DRIVE:** ""Già nel ’48 il culetto americano voleva mangiare carne SENZA scendere dall’auto.Risultato? Fast food, slow digestione e cacca triste\!"
#A037,arancione,CULTURA DEL CIBO,Il kimchi coreano fermentato fa cosa?,Puzza e basta,PROBIOTICI\! Super good health\!,Ti trasforma in K-pop star,B,"BUCHETTO FERMENTATO:** ""I coreani hanno il culetto più sano del mondo\! Kimchi power per la cacca perfetta\!"
#A038,arancione,CULTURA DEL CIBO,La tempura giapponese viene da...,Antica tradizione samurai,DAI PORTOGHESI nel 1600\!,Anime e manga,B,"BUCHETTO FUSION:** ""I portoghesi insegnarono ai giapponesi a friggere\! Il culetto nipponico ringrazia/maledice\!"
#A039,arancione,CULTURA DEL CIBO,Il food porn su Instagram causa...,Felicità pura,PIÙ FAME e voglia di junk food\!,Illuminazione spirituale,B,"BUCHETTO SOCIAL:** ""Guardare cibo perfetto \= cervello ingannato \= culetto che mangia schifezze\! Maledetti social\!"
#A040,arancione,CULTURA DEL CIBO,Il cibo del futuro secondo l'ONU?,Pillole come i Jetson,INSETTI\! Grilli e larve per le proteine\!,Solo aria e sole,B,"BUCHETTO FUTURO:** ""2 miliardi di persone già mangiano insetti\! Il tuo culetto occidentale deve adattarsi o mangiare fagioli\!"
#N001,viola,ANATOMIA A TAVOLA,Quanto è lungo il tuo intestino?,"1 metro, cortino",7-8 METRI\! Come un autobus\!,"100 metri, una pista d'atletica",B,"BUCHETTO METRO:** ""Otto metri di tubo\! Io sono alla fine di un tunnel lunghissimo\!"
#N002,viola,ANATOMIA A TAVOLA,Quanti batteri vivono nel tuo intestino?,"100, pochi amici",100 TRILIONI\! Più delle stelle nella galassia\!,"Zero, è sterile",B,"BUCHETTO GALATTICO:** ""Sei più batterio che umano\! Il tuo culetto è un universo parallelo di microbi\!"
#N003,viola,ANATOMIA A TAVOLA,Il tuo stomaco può contenere quanto?,Un bicchiere d'acqua,1-2 LITRI\! Come una bottiglia grande d’acqua\!,"10 litri, sei un cammello",B,"BUCHETTO CAPIENZA:** ""Due litri di spazio e tu ci metti 3 kg di pasta\! Poi il culetto soffre le conseguenze\!"
#N004,viola,ANATOMIA A TAVOLA,L'acido dello stomaco può sciogliere...,Solo verdure,"METALLO\! pH 1-2, come l'acido delle batterie\!","Niente, è debolino",B,"BUCHETTO ALIEN:** ""Hai l'acido di Alien nella pancia\! Per fortuna il muco protegge o ti autodigeriresti\! Buchetto è terrorizzato\!"
#N005,viola,ANATOMIA A TAVOLA,Il fegato si rigenera?,"Mai, se lo rompi sei finito",SÌ\! Puoi perderne il 75% e ricresce\!,Solo se bevi succo detox,B,"MONSIEUR FEGATÒ:** ""Sono immortale come Wolverine\! Ma se mi riempi di alcol, je suis fucked\! Voilà\!"
#N006,viola,ANATOMIA A TAVOLA,Produci quanta saliva al giorno?,Un cucchiaio,1-2 LITRI\! Una bottiglia intera\!,Un secchio da 10 litri,B,"BUCHETTO SPLASH:** ""Ingoi una bottiglia di sputo al giorno\! Buon appetito\!"
#N007,viola,ANATOMIA A TAVOLA,Il tuo cervello usa quanta energia del cibo?,"2%, quasi niente",20%\! Un quinto di tutto\!,"90%, sei tutto cervello",B,"BUCHETTO EINSTEIN:** ""Il cervello è un vampiro energetico\! Mangia male \= pensi male \= fai la cacca male\!"
#N008,viola,ANATOMIA A TAVOLA,Quante volte al giorno dovrebbe 'cantare' il tuo buchetto?,"Mai, trattenere sempre",14-23 VOLTE\! È normale e sano\!,"100 volte, sei una tromba",B,"RE FAGIOLINO APPROVA:** ""Chi non scoreggia è malato o mente\! Il culetto deve esprimersi\! È arte\!"
#N009,viola,ANATOMIA A TAVOLA,La cacca è fatta per quanto di batteri?,"0%, è solo cibo",25-50%\! Metà batteri morti\!,100% puri batteri,B,"BUCHETTO SCIENZIATO:** ""Metà della tua cacca sono cadaveri di batteri\! È un cimitero che esce dal culetto\!"
#N010,viola,ANATOMIA A TAVOLA,Il tuo naso può distinguere quanti odori?,10: buono e cattivo,1 TRILIONE\! Più di un sommelier galattico\!,100 al massimo,B,"BUCHETTO NOSE:** ""Puoi distinguere ogni scoreggia\! Ognuna ha la sua firma olfattiva\! Il culetto è un artista\!"
#N011,viola,ANATOMIA A TAVOLA,Masticare bene il cibo...,È tempo perso,MIGLIORA digestione del 40%\!,Rovina i denti,B,"BUCHETTO MASTICA:** ""30 masticate \= culetto felice\! Ingoi intero \= cacca dura\! È matematica\!"
#N012,viola,ANATOMIA A TAVOLA,Il tuo colon contiene quanta cacca?,100 grammi max,2-8 KG\! Come un gatto\!,"20 kg, sei una discarica",B,"BUCHETTO WEIGHT:** ""Potresti portare in giro un gatto di cacca\! Per questo dopo il bagno ti senti leggero\! Liberation day\!"
#N013,viola,ANATOMIA A TAVOLA,I tuoi reni filtrano quanto sangue al giorno?,1 litro,180 LITRI\! Una vasca da bagno\!,10 litri,B,"BUCHETTO FILTER:** ""I reni sono la lavatrice del sangue\! Senza di loro il buchetto esplode di tossine\!"
#N014,viola,ANATOMIA A TAVOLA,Il pancreas produce cosa per digerire?,Magia pura,15+ ENZIMI diversi\! Una fabbrica chimica\!,Solo insulina,B,"BUCHETTO CHIMICO:** ""È il Walter White della digestione\! Produce più chimica di Breaking Bad\! Il culetto dipende da lui\!"
#N015,viola,ANATOMIA A TAVOLA,La bile è di che colore?,Rossa come il sangue,VERDE-GIALLA\! Come Hulk malato\!,Blu come i puffi,B,"BUCHETTO BILE:** ""È verde fluo\! Per questo la cacca è marrone: bile \+ cibo \= color Nutella\! Science\!"
#N016,viola,ANATOMIA A TAVOLA,Quanti muscoli usi per fare la cacca?,"1, il buchetto",OLTRE 30\! È un workout\!,"Nessuno, gravità",B,"BUCHETTO GYM:** ""Fare la cacca è palestra\! Addominali, diaframma, sfintere... È CrossFit del culetto\!"
#N017,viola,ANATOMIA A TAVOLA,Il tuo corpo produce quanta aria intestinale al giorno?,Un soffio,0.5-2 LITRI\! Una bottiglia di scoregge\!,"10 litri, sei un pallone",B,"RE FAGIOLINO CALCOLA:** ""Due litri di gas nobile\! Il culetto è una fabbrica di metano ecologico\!"
#N018,viola,ANATOMIA A TAVOLA,Le papille gustative si rigenerano ogni...,"Mai, quelle che hai hai",1-2 SETTIMANE\! Sempre nuove\!,10 anni,B,"BUCHETTO TASTE:** ""Ogni due settimane hai una lingua nuova\! Per questo i gusti cambiano\! Il culetto approva\!"
#N019,viola,ANATOMIA A TAVOLA,Il tuo stomaco ha un 'secondo cervello'?,"No, è stupido",SÌ\! 500 milioni di neuroni\! Sistema nervoso enterico\!,Ha 3 cervelli,B,"BUCHETTO NEURAL:** ""La pancia pensa\! Per questo 'senti le farfalle'\! Il culetto ha un PhD in neuroscienze\!"
#N020,viola,ANATOMIA A TAVOLA,"Quando hai fame, lo stomaco...",Si restringe,PRODUCE GRELINA\! L'ormone della fame\!,Muore,B,"BUCHETTO HORMONE:** ""La grelina è il Gremlin della fame\! Ti fa impazzire finché non mangi\! Il culetto subisce\!"
#N021,viola,ANATOMIA A TAVOLA,Il singhiozzo è causato da...,Fantasmi,SPASMO del diaframma\!,Troppa felicità,B,"BUCHETTO SPASMA:** ""Il diaframma fa le bizze\! Come quando il culetto ha i crampi\! È tutto collegato\!"
#N022,viola,ANATOMIA A TAVOLA,La cacca galleggia se...,Sei benedetto,HAI TROPPO GAS o grassi non digeriti\!,Hai superpoteri,B,"BUCHETTO GALLEGGIA:** ""Cacca che galleggia \= troppi grassi o aria\! Il culetto ti sta mandando un SOS\!"
#N023,viola,ANATOMIA A TAVOLA,Il colore normale della pipì è...,Trasparente sempre,GIALLO PAGLIERINO\! Come paglia\!,Verde fluo,B,"BUCHETTO IDRATA:** ""Giallo chiaro \= ok\! Giallo scuro \= bevi\! Arancione \= corri dal dottore\! Il culetto monitora\!"
#N024,viola,ANATOMIA A TAVOLA,Dopo mangiato il sangue va...,Al cervello per pensare,ALL'INTESTINO\! Per questo hai sonno\!,Nei muscoli,B,"BUCHETTO VAMPIRE:** ""L'intestino ruba tutto il sangue\! Il cervello va in standby\! Food coma del culetto\!"
#N025,viola,ANATOMIA A TAVOLA,Le emorroidi sono...,Alieni nel sedere,VENE GONFIE\! Come vene varicose del culetto\!,Muscoli extra,B,"BUCHETTO SOFFRE:** ""Il 50% degli adulti le ha\! Il culetto non è progettato per stare seduti 10 ore\!"
#N026,viola,ANATOMIA A TAVOLA,L'appendice serve a...,"Niente, è inutile",RISERVA DI BATTERI BUONI\! Backup del microbioma\!,Produrre dolore,B,"BUCHETTO BACKUP:** ""È l'hard disk di riserva dei batteri\! Quando hai la diarrea, ripopola\! Il culetto ha un piano B\!"
#N027,viola,ANATOMIA A TAVOLA,Il vomito viaggia a che velocità?,Piano piano,100+ KM/H\! Come un treno\!,Velocità luce,B,"BUCHETTO ROCKET:** ""È un missile biologico\! Per questo arrivi ovunque\! Buchetto è geloso di tanta potenza\!"
#N028,viola,ANATOMIA A TAVOLA,Quante volte dovresti masticare ogni boccone?,2-3 volte,20-30 VOLTE\!,100 volte,B,"BUCHETTO CONTA:** ""30 masticate \= enzimi attivati \= digestione top \= cacca perfetta\! Quick maths\!"
#N029,viola,ANATOMIA A TAVOLA,Il bruciore di stomaco è causato da...,Fuoco interno,ACIDO che risale nell'esofago\!,Demoni,B,"BUCHETTO LAVA:** ""L'acido fa il moonwalk verso la gola\! Il culetto dice: 'Wrong way, bro\!"
#N030,viola,ANATOMIA A TAVOLA,La stitichezza cronica può causare...,Superpoteri,TOSSINE riassorbite e problemi seri\!,Immortalità,B,"BUCHETTO ALARM:** ""La cacca ferma diventa tossica\! È come tenere la spazzatura in casa\! Il culetto implora libertà\!"
#N031,viola,ANATOMIA A TAVOLA,Il tuo corpo è fatto d'acqua per il...,"10%, sei un biscotto",60-70%\! Sei una bottiglia che cammina\!,"99%, sei acqua pura",B,"BUCHETTO SPLASH:** ""Sei più acqua che persona\! Per questo la cacca secca fa male\! Idrata il culetto\!"
#N032,viola,ANATOMIA A TAVOLA,Le scoregge puzzano per colpa di...,Magia nera,ZOLFO\! Idrogeno solforato\!,Profumo naturale,B,"RE FAGIOLINO CHEMISTRY:** ""Lo zolfo è il profumiere delle scoregge\! Uova \= zolfo \= morte\! Il culetto produce arte olfattiva\!"
#N033,viola,ANATOMIA A TAVOLA,Trattenere le scoregge...,Ti rende più forte,LE FA RIASSORBIRE nel sangue\!,Le trasforma in burp,B,"BUCHETTO WARN:** ""Il gas torna nel sangue e esce dai polmoni\! Stai respirando scoregge\! Il culetto si vendica\!"
#N034,viola,ANATOMIA A TAVOLA,Il cibo impiega quanto a diventare cacca completa?,10 minuti fast & furious,24-72 ORE\! Tre giorni di viaggio\!,Un mese intero,B,"BUCHETTO TIMER:** ""La carne sta 4+ giorni\! Le verdure 1-2\! Fast track vs autostrada intasata\!"
#N035,viola,ANATOMIA A TAVOLA,Masticare attiva quale enzima magico?,"Nessuno, è solo per frantumare",AMILASI SALIVARE\! Digerisce già i carboidrati\!,Proteasi killer,B,"BUCHETTO CHEMISTRY:** ""La digestione inizia in bocca\! Chi ingoia intero ha il culetto nei guai\!"
#N036,viola,ANATOMIA A TAVOLA,Vitamina C \+ ferro vegetale \= ?,Esplosione atomica,SUPER ASSORBIMENTO\! Fino al 300% in più\!,Si annullano,B,"BUCHETTO COMBO:** ""Spinaci \+ limone \= Popeye mode activated\! Il culetto ringrazia\!"
#N037,viola,ANATOMIA A TAVOLA,Il 'colesterolo cattivo' LDL fa cosa?,Ti rende immortale,INTASA LE ARTERIE come cemento\!,Pulisce il sangue,B,"BUCHETTO IDRAULICO:** ""LDL \= il muratore che blocca i tubi\! Il tuo culetto ha bisogno di HDL lo spazzino\!"
#N038,viola,ANATOMIA A TAVOLA,Un grammo di grasso \= quante calorie?,4 come le proteine,9 CALORIE\! Più del doppio\!,100 calorie,B,"BUCHETTO MATH:** ""Grassi \= benzina super concentrata\! Per questo il burro ti esplode nel culetto\!"
#N039,viola,ANATOMIA A TAVOLA,La pipì gialla scura significa?,Sei un supereroe,DISIDRATAZIONE\! Bevi subito\!,Troppa acqua,B,"BUCHETTO ALLARME:** ""Pipì scura \= SOS dal rene\! Il tuo culetto sta diventando il Sahara\!"
#N040,viola,ANATOMIA A TAVOLA,Le fibre fermentate nel colon producono?,Oro liquido,BUTIRRATO\! Superfood per il colon\!,Veleno mortale,B,"BUCHETTO FINALE:** ""Il butirrato è il Red Bull del tuo intestino\! Chi non mangia verdura fa la cacca dura dura\!"
#S01,giallo,SPECIALE,Scoreggia Salvifica,,,,,Eviti una penalità facendo il suono della scoreggia più creativo
#S02,giallo,SPECIALE,Cacca Dura Dura,,,,,Perdi un turno per costipazione
#S03,giallo,SPECIALE,Re Fagiolino Regna,,,,,REVERSE: il verso del gioco è invertito
#S04,giallo,SPECIALE,Maledetto Wurstel,,,,,"Perdi tutti gli ingredienti! Solo la ""Scorreggia Salvifica"" può salvarti"
#S05,giallo,SPECIALE,Duello di Buchetti,,,,,"Sfidi un avversario rispondendo alle domande fino all'ultimo duello. Chi vince prende l'ingrediente, chi perde deve scartarne uno"
#S06,giallo,SPECIALE,Doppio Turno - BUCHETTO POWER UP!,,,,,Rispondi a 2 domande di fila. 2 giuste = +2 ingredienti ma se sbagli ne scarti uno
#S07,giallo,SPECIALE,"Scambia piatti - ""POWER OF THE VEGGIE!",,,,,Scambio piatti: scambia il tuo piatto con quello di un altro giocatore (tranne se Scorreggia Salvavita)